id,label
0,your answer
1,your answer
2,your answer
3,your answer
4,your answer
5,your answer
6,your answer
7,your answer
8,your answer
9,your answer
10,your answer
11,your answer
12,your answer
13,your answer
14,your answer
15,your answer
16,your answer
17,your answer
18,your answer
19,your answer
20,your answer
21,your answer
22,your answer
23,your answer
24,your answer
25,your answer
26,your answer
27,your answer
28,your answer
29,your answer
30,your answer
31,your answer
32,your answer
33,your answer
34,your answer
35,your answer
36,your answer
37,your answer
38,your answer
39,your answer
40,your answer
41,your answer
42,your answer
43,your answer
44,your answer
45,your answer
46,your answer
47,your answer
48,your answer
49,your answer
50,your answer
51,your answer
52,your answer
53,your answer
54,your answer
55,your answer
56,your answer
57,your answer
58,your answer
59,your answer
60,your answer
61,your answer
62,your answer
63,your answer
64,your answer
65,your answer
66,your answer
67,your answer
68,your answer
69,your answer
70,your answer
71,your answer
72,your answer
73,your answer
74,your answer
75,your answer
76,your answer
77,your answer
78,your answer
79,your answer
80,your answer
81,your answer
82,your answer
83,your answer
84,your answer
85,your answer
86,your answer
87,your answer
88,your answer
89,your answer
90,your answer
91,your answer
92,your answer
93,your answer
94,your answer
95,your answer
96,your answer
97,your answer
98,your answer
99,your answer
100,your answer
101,your answer
102,your answer
103,your answer
104,your answer
105,your answer
106,your answer
107,your answer
108,your answer
109,your answer
110,your answer
111,your answer
112,your answer
113,your answer
114,your answer
115,your answer
116,your answer
117,your answer
118,your answer
119,your answer
120,your answer
121,your answer
122,your answer
123,your answer
124,your answer
125,your answer
126,your answer
127,your answer
128,your answer
129,your answer
130,your answer
131,your answer
132,your answer
133,your answer
134,your answer
135,your answer
136,your answer
137,your answer
138,your answer
139,your answer
140,your answer
141,your answer
142,your answer
143,your answer
144,your answer
145,your answer
146,your answer
147,your answer
148,your answer
149,your answer
150,your answer
151,your answer
152,your answer
153,your answer
154,your answer
155,your answer
156,your answer
157,your answer
158,your answer
159,your answer
160,your answer
161,your answer
162,your answer
163,your answer
164,your answer
165,your answer
166,your answer
167,your answer
168,your answer
169,your answer
170,your answer
171,your answer
172,your answer
173,your answer
174,your answer
175,your answer
176,your answer
177,your answer
178,your answer
179,your answer
180,your answer
181,your answer
182,your answer
183,your answer
184,your answer
185,your answer
186,your answer
187,your answer
188,your answer
189,your answer
190,your answer
191,your answer
192,your answer
193,your answer
194,your answer
195,your answer
196,your answer
197,your answer
198,your answer
199,your answer
200,your answer
201,your answer
202,your answer
203,your answer
204,your answer
205,your answer
206,your answer
207,your answer
208,your answer
209,your answer
210,your answer
211,your answer
212,your answer
213,your answer
214,your answer
215,your answer
216,your answer
217,your answer
218,your answer
219,your answer
220,your answer
221,your answer
222,your answer
223,your answer
224,your answer
225,your answer
226,your answer
227,your answer
228,your answer
229,your answer
230,your answer
231,your answer
232,your answer
233,your answer
234,your answer
235,your answer
236,your answer
237,your answer
238,your answer
239,your answer
240,your answer
241,your answer
242,your answer
243,your answer
244,your answer
245,your answer
246,your answer
247,your answer
248,your answer
249,your answer
250,your answer
251,your answer
252,your answer
253,your answer
254,your answer
255,your answer
256,your answer
257,your answer
258,your answer
259,your answer
260,your answer
261,your answer
262,your answer
263,your answer
264,your answer
265,your answer
266,your answer
267,your answer
268,your answer
269,your answer
270,your answer
271,your answer
272,your answer
273,your answer
274,your answer
275,your answer
276,your answer
277,your answer
278,your answer
279,your answer
280,your answer
281,your answer
282,your answer
283,your answer
284,your answer
285,your answer
286,your answer
287,your answer
288,your answer
289,your answer
290,your answer
291,your answer
292,your answer
293,your answer
294,your answer
295,your answer
296,your answer
297,your answer
298,your answer
299,your answer
300,your answer
301,your answer
302,your answer
303,your answer
304,your answer
305,your answer
306,your answer
307,your answer
308,your answer
309,your answer
310,your answer
311,your answer
312,your answer
313,your answer
314,your answer
315,your answer
316,your answer
317,your answer
318,your answer
319,your answer
320,your answer
321,your answer
322,your answer
323,your answer
324,your answer
325,your answer
326,your answer
327,your answer
328,your answer
329,your answer
330,your answer
331,your answer
332,your answer
333,your answer
334,your answer
335,your answer
336,your answer
337,your answer
338,your answer
339,your answer
340,your answer
341,your answer
342,your answer
343,your answer
344,your answer
345,your answer
346,your answer
347,your answer
348,your answer
349,your answer
350,your answer
351,your answer
352,your answer
353,your answer
354,your answer
355,your answer
356,your answer
357,your answer
358,your answer
359,your answer
360,your answer
361,your answer
362,your answer
363,your answer
364,your answer
365,your answer
366,your answer
367,your answer
368,your answer
369,your answer
370,your answer
371,your answer
372,your answer
373,your answer
374,your answer
375,your answer
376,your answer
377,your answer
378,your answer
379,your answer
380,your answer
381,your answer
382,your answer
383,your answer
384,your answer
385,your answer
386,your answer
387,your answer
388,your answer
389,your answer
390,your answer
391,your answer
392,your answer
393,your answer
394,your answer
395,your answer
396,your answer
397,your answer
398,your answer
399,your answer
400,your answer
401,your answer
402,your answer
403,your answer
404,your answer
405,your answer
406,your answer
407,your answer
408,your answer
409,your answer
410,your answer
411,your answer
412,your answer
413,your answer
414,your answer
415,your answer
416,your answer
417,your answer
418,your answer
419,your answer
420,your answer
421,your answer
422,your answer
423,your answer
424,your answer
425,your answer
426,your answer
427,your answer
428,your answer
429,your answer
430,your answer
431,your answer
432,your answer
433,your answer
434,your answer
435,your answer
436,your answer
437,your answer
438,your answer
439,your answer
440,your answer
441,your answer
442,your answer
443,your answer
444,your answer
445,your answer
446,your answer
447,your answer
448,your answer
449,your answer
450,your answer
451,your answer
452,your answer
453,your answer
454,your answer
455,your answer
456,your answer
457,your answer
458,your answer
459,your answer
460,your answer
461,your answer
462,your answer
463,your answer
464,your answer
465,your answer
466,your answer
467,your answer
468,your answer
469,your answer
470,your answer
471,your answer
472,your answer
473,your answer
474,your answer
475,your answer
476,your answer
477,your answer
478,your answer
479,your answer
480,your answer
481,your answer
482,your answer
483,your answer
484,your answer
485,your answer
486,your answer
487,your answer
488,your answer
489,your answer
490,your answer
491,your answer
492,your answer
493,your answer
494,your answer
495,your answer
496,your answer
497,your answer
498,your answer
499,your answer
500,your answer
501,your answer
502,your answer
503,your answer
504,your answer
505,your answer
506,your answer
507,your answer
508,your answer
509,your answer
510,your answer
511,your answer
512,your answer
513,your answer
514,your answer
515,your answer
516,your answer
517,your answer
518,your answer
519,your answer
520,your answer
521,your answer
522,your answer
523,your answer
524,your answer
525,your answer
526,your answer
527,your answer
528,your answer
529,your answer
530,your answer
531,your answer
532,your answer
533,your answer
534,your answer
535,your answer
536,your answer
537,your answer
538,your answer
539,your answer
540,your answer
541,your answer
542,your answer
543,your answer
544,your answer
545,your answer
546,your answer
547,your answer
548,your answer
549,your answer
550,your answer
551,your answer
552,your answer
553,your answer
554,your answer
555,your answer
556,your answer
557,your answer
558,your answer
559,your answer
560,your answer
561,your answer
562,your answer
563,your answer
564,your answer
565,your answer
566,your answer
567,your answer
568,your answer
569,your answer
570,your answer
571,your answer
572,your answer
573,your answer
574,your answer
575,your answer
576,your answer
577,your answer
578,your answer
579,your answer
580,your answer
581,your answer
582,your answer
583,your answer
584,your answer
585,your answer
586,your answer
587,your answer
588,your answer
589,your answer
590,your answer
591,your answer
592,your answer
593,your answer
594,your answer
595,your answer
596,your answer
597,your answer
598,your answer
599,your answer
600,your answer
